model,phase_acf_rmse,phase_log_psd_rmse,above_5hz_power_fraction,hf_absolute_error,waveform_rmse
Gaussian (original),0.17517881480710318,1.0156861383062838,0.16850293895660967,0.15116891856119377,0.3323558622469583
Gaussian (fitted) balanced,0.03936858472178054,0.22818875390342752,0.010297780525719962,0.007036239869695949,0.15563403065671477
Gaussian (fitted) class,0.03764744734687343,0.23676029380102853,0.009959236618488349,0.0073747837769275616,0.15353507594258314
cWGAN-GP seed 42,0.04684251546859741,0.8257104978005191,0.01731867096218574,1.5349433230171794e-05,0.18438340723514557
cWGAN-GP seed 43,0.04756444692611694,0.8245471189440001,0.017172151937439192,0.0001618684579767181,0.18470965325832367
cWGAN-GP seed 44,0.047449469566345215,0.8237779771912761,0.017009204107635865,0.0003248162877800449,0.1837218850851059
TCN-FiLM seed 42,0.027927806600928307,0.1660459985699109,0.004374256620110638,0.012959763775305272,0.11199787259101868
TCN-FiLM seed 43,0.02794392593204975,0.16570446087377372,0.004400132058189434,0.012933888337226477,0.11206239461898804
TCN-FiLM seed 44,0.028089627623558044,0.16566171509443448,0.004376472725717699,0.012957547669698212,0.11199649423360825
